001,Bulbasaur,64,0,0,0,1,0,0
002,Ivysaur,142,0,0,0,1,1,0
003,Venusaur,236,0,0,0,2,1,0
004,Charmander,62,0,0,0,0,0,1
005,Charmeleon,142,0,0,0,1,0,1
006,Charizard,240,0,0,0,3,0,0
007,Squirtle,63,0,0,1,0,0,0
008,Wartortle,142,0,0,1,0,1,0
009,Blastoise,239,0,0,0,0,3,0
010,Caterpie,39,1,0,0,0,0,0
011,Metapod,72,0,0,2,0,0,0
012,Butterfree,173,0,0,0,2,1,0
013,Weedle,39,0,0,0,0,0,1
014,Kakuna,72,0,0,2,0,0,0
015,Beedrill,173,0,2,0,0,1,0
016,Pidgey,50,0,0,0,0,0,1
017,Pidgeotto,122,0,0,0,0,0,2
018,Pidgeot,211,0,0,0,0,0,3
019,Rattata,51,0,0,0,0,0,1
020,Raticate,145,0,0,0,0,0,2
021,Spearow,52,0,0,0,0,0,1
022,Fearow,155,0,0,0,0,0,2
023,Ekans,58,0,1,0,0,0,0
024,Arbok,153,0,2,0,0,0,0
025,Pikachu,105,0,0,0,0,0,2
026,Raichu,214,0,0,0,0,0,3
027,Sandshrew,60,0,0,1,0,0,0
028,Sandslash,158,0,0,2,0,0,0
029,Nidoran♀,55,1,0,0,0,0,0
030,Nidorina,128,2,0,0,0,0,0
031,Nidoqueen,223,3,0,0,0,0,0
032,Nidoran♂,55,0,1,0,0,0,0
033,Nidorino,128,0,2,0,0,0,0
034,Nidoking,223,0,3,0,0,0,0
035,Clefairy,113,2,0,0,0,0,0
036,Clefable,213,3,0,0,0,0,0
037,Vulpix,60,0,0,0,0,0,1
038,Ninetales,177,0,0,0,0,1,1
039,Jigglypuff,95,2,0,0,0,0,0
040,Wigglytuff,191,3,0,0,0,0,0
041,Zubat,49,0,0,0,0,0,1
042,Golbat,159,0,0,0,0,0,2
043,Oddish,64,0,0,0,1,0,0
044,Gloom,138,0,0,0,2,0,0
045,Vileplume,216,0,0,0,3,0,0
046,Paras,57,0,1,0,0,0,0
047,Parasect,142,0,2,1,0,0,0
048,Venonat,61,0,0,0,0,1,0
049,Venomoth,158,0,0,0,1,0,1
050,Diglett,53,0,0,0,0,0,1
051,Dugtrio,142,0,0,0,0,0,2
052,Meowth,58,0,0,0,0,0,1
053,Persian,154,0,0,0,0,0,2
054,Psyduck,64,0,0,0,1,0,0
055,Golduck,175,0,0,0,2,0,0
056,Mankey,61,0,1,0,0,0,0
057,Primeape,159,0,2,0,0,0,0
058,Growlithe,70,0,1,0,0,0,0
059,Arcanine,194,0,2,0,0,0,0
060,Poliwag,60,0,0,0,0,0,1
061,Poliwhirl,135,0,0,0,0,0,2
062,Poliwrath,225,0,0,3,0,0,0
063,Abra,62,0,0,0,1,0,0
064,Kadabra,140,0,0,0,2,0,0
065,Alakazam,221,0,0,0,3,0,0
066,Machop,61,0,1,0,0,0,0
067,Machoke,142,0,2,0,0,0,0
068,Machamp,227,0,3,0,0,0,0
069,Bellsprout,60,0,1,0,0,0,0
070,Weepinbell,137,0,2,0,0,0,0
071,Victreebel,216,0,3,0,0,0,0
072,Tentacool,67,0,0,0,0,1,0
073,Tentacruel,180,0,0,0,0,2,0
074,Geodude,60,0,0,1,0,0,0
075,Graveler,137,0,0,2,0,0,0
076,Golem,218,0,0,3,0,0,0
077,Ponyta,82,0,0,0,0,0,1
078,Rapidash,175,0,0,0,0,0,2
079,Slowpoke,63,1,0,0,0,0,0
080,Slowbro,172,0,0,2,0,0,0
081,Magnemite,65,0,0,0,1,0,0
082,Magneton,163,0,0,0,2,0,0
083,Farfetch'd,123,0,1,0,0,0,0
084,Doduo,62,0,1,0,0,0,0
085,Dodrio,161,0,2,0,0,0,0
086,Seel,65,0,0,0,0,1,0
087,Dewgong,166,0,0,0,0,2,0
088,Grimer,65,1,0,0,0,0,0
089,Muk,175,1,1,0,0,0,0
090,Shellder,61,0,0,1,0,0,0
091,Cloyster,184,0,0,2,0,0,0
092,Gastly,62,0,0,0,1,0,0
093,Haunter,142,0,0,0,2,0,0
094,Gengar,225,0,0,0,3,0,0
095,Onix,77,0,0,1,0,0,0
096,Drowzee,66,0,0,0,0,1,0
097,Hypno,169,0,0,0,0,2,0
098,Krabby,65,0,1,0,0,0,0
099,Kingler,166,0,2,0,0,0,0
100,Voltorb,66,0,0,0,0,0,1
101,Electrode,168,0,0,0,0,0,2
102,Exeggcute,65,0,0,1,0,0,0
103,Exeggutor,182,0,0,0,2,0,0
104,Cubone,64,0,0,1,0,0,0
105,Marowak,149,0,0,2,0,0,0
106,Hitmonlee,159,0,2,0,0,0,0
107,Hitmonchan,159,0,0,0,0,2,0
108,Lickitung,77,2,0,0,0,0,0
109,Koffing,68,0,0,1,0,0,0
110,Weezing,172,0,0,2,0,0,0
111,Rhyhorn,69,0,0,1,0,0,0
112,Rhydon,170,0,2,0,0,0,0
113,Chansey,395,2,0,0,0,0,0
114,Tangela,87,0,0,1,0,0,0
115,Kangaskhan,172,2,0,0,0,0,0
116,Horsea,59,0,0,0,1,0,0
117,Seadra,154,0,0,1,1,0,0
118,Goldeen,64,0,1,0,0,0,0
119,Seaking,158,0,2,0,0,0,0
120,Staryu,68,0,0,0,0,0,1
121,Starmie,182,0,0,0,0,0,2
122,Mr. Mime,161,0,0,0,0,2,0
123,Scyther,100,0,1,0,0,0,0
124,Jynx,159,0,0,0,2,0,0
125,Electabuzz,172,0,0,0,0,0,2
126,Magmar,173,0,0,0,2,0,0
127,Pinsir,175,0,2,0,0,0,0
128,Tauros,211,0,1,0,0,0,1
129,Magikarp,40,0,0,0,0,0,1
130,Gyarados,189,0,2,0,0,0,0
131,Lapras,187,2,0,0,0,0,0
132,Ditto,101,1,0,0,0,0,0
133,Eevee,65,0,0,0,0,1,0
134,Vaporeon,184,2,0,0,0,0,0
135,Jolteon,184,0,0,0,0,0,2
136,Flareon,184,0,2,0,0,0,0
137,Porygon,79,0,0,0,1,0,0
138,Omanyte,71,0,0,1,0,0,0
139,Omastar,173,0,0,2,0,0,0
140,Kabuto,71,0,0,1,0,0,0
141,Kabutops,173,0,2,0,0,0,0
142,Aerodactyl,180,0,0,0,0,0,2
143,Snorlax,189,2,0,0,0,0,0
144,Articuno,261,0,0,0,0,3,0
145,Zapdos,261,0,0,0,3,0,0
146,Moltres,261,0,0,0,3,0,0
147,Dratini,60,0,1,0,0,0,0
148,Dragonair,147,0,2,0,0,0,0
149,Dragonite,270,0,3,0,0,0,0
150,Mewtwo,306,0,0,0,3,0,0
151,Mew,270,3,0,0,0,0,0
152,Chikorita,64,0,0,0,0,1,0
153,Bayleef,142,0,0,1,0,1,0
154,Meganium,236,0,0,1,0,2,0
155,Cyndaquil,62,0,0,0,0,0,1
156,Quilava,142,0,0,0,1,0,1
157,Typhlosion,240,0,0,0,3,0,0
158,Totodile,63,0,1,0,0,0,0
159,Croconaw,142,0,1,1,0,0,0
160,Feraligatr,239,0,2,1,0,0,0
161,Sentret,43,0,1,0,0,0,0
162,Furret,145,0,0,0,0,0,2
163,Hoothoot,52,1,0,0,0,0,0
164,Noctowl,155,2,0,0,0,0,0
165,Ledyba,53,0,0,0,0,1,0
166,Ledian,137,0,0,0,0,2,0
167,Spinarak,50,0,1,0,0,0,0
168,Ariados,137,0,2,0,0,0,0
169,Crobat,241,0,0,0,0,0,3
170,Chinchou,66,1,0,0,0,0,0
171,Lanturn,161,2,0,0,0,0,0
172,Pichu,41,0,0,0,0,0,1
173,Cleffa,44,0,0,0,0,1,0
174,Igglybuff,42,1,0,0,0,0,0
175,Togepi,49,0,0,0,0,1,0
176,Togetic,142,0,0,0,0,2,0
177,Natu,64,0,0,0,1,0,0
178,Xatu,165,0,0,0,1,0,1
179,Mareep,56,0,0,0,1,0,0
180,Flaaffy,128,0,0,0,2,0,0
181,Ampharos,225,0,0,0,3,0,0
182,Bellossom,216,0,0,0,0,3,0
183,Marill,88,2,0,0,0,0,0
184,Azumarill,185,3,0,0,0,0,0
185,Sudowoodo,144,0,0,2,0,0,0
186,Politoed,225,0,0,0,0,3,0
187,Hoppip,50,0,0,0,0,1,0
188,Skiploom,119,0,0,0,0,0,2
189,Jumpluff,203,0,0,0,0,0,3
190,Aipom,72,0,0,0,0,0,1
191,Sunkern,36,0,0,0,1,0,0
192,Sunflora,149,0,0,0,2,0,0
193,Yanma,78,0,0,0,0,0,1
194,Wooper,42,1,0,0,0,0,0
195,Quagsire,151,2,0,0,0,0,0
196,Espeon,184,0,0,0,2,0,0
197,Umbreon,184,0,0,0,0,2,0
198,Murkrow,81,0,0,0,0,0,1
199,Slowking,172,0,0,0,0,3,0
200,Misdreavus,87,0,0,0,0,1,0
201,Unown,118,0,1,0,1,0,0
202,Wobbuffet,142,2,0,0,0,0,0
203,Girafarig,159,0,0,0,2,0,0
204,Pineco,58,0,0,1,0,0,0
205,Forretress,163,0,0,2,0,0,0
206,Dunsparce,145,1,0,0,0,0,0
207,Gligar,86,0,0,1,0,0,0
208,Steelix,179,0,0,2,0,0,0
209,Snubbull,60,0,1,0,0,0,0
210,Granbull,158,0,2,0,0,0,0
211,Qwilfish,86,0,1,0,0,0,0
212,Scizor,175,0,2,0,0,0,0
213,Shuckle,177,0,0,1,0,1,0
214,Heracross,175,0,2,0,0,0,0
215,Sneasel,86,0,0,0,0,0,1
216,Teddiursa,66,0,1,0,0,0,0
217,Ursaring,175,0,2,0,0,0,0
218,Slugma,50,0,0,0,1,0,0
219,Magcargo,144,0,0,2,0,0,0
220,Swinub,50,0,1,0,0,0,0
221,Piloswine,158,1,1,0,0,0,0
222,Corsola,133,0,0,1,0,1,0
223,Remoraid,60,0,0,0,1,0,0
224,Octillery,168,0,1,0,1,0,0
225,Delibird,116,0,0,0,0,0,1
226,Mantine,163,0,0,0,0,2,0
227,Skarmory,163,0,0,2,0,0,0
228,Houndour,66,0,0,0,1,0,0
229,Houndoom,175,0,0,0,2,0,0
230,Kingdra,243,0,1,0,1,1,0
231,Phanpy,66,1,0,0,0,0,0
232,Donphan,175,0,1,1,0,0,0
233,Porygon2,180,0,0,0,2,0,0
234,Stantler,163,0,1,0,0,0,0
235,Smeargle,88,0,0,0,0,0,1
236,Tyrogue,42,0,1,0,0,0,0
237,Hitmontop,159,0,0,0,0,2,0
238,Smoochum,61,0,0,0,1,0,0
239,Elekid,72,0,0,0,0,0,1
240,Magby,73,0,0,0,0,0,1
241,Miltank,172,0,0,2,0,0,0
242,Blissey,608,3,0,0,0,0,0
243,Raikou,261,0,0,0,1,0,2
244,Entei,261,1,2,0,0,0,0
245,Suicune,261,0,0,1,0,2,0
246,Larvitar,60,0,1,0,0,0,0
247,Pupitar,144,0,2,0,0,0,0
248,Tyranitar,270,0,3,0,0,0,0
249,Lugia,306,0,0,0,0,3,0
250,Ho-Oh,306,0,0,0,0,3,0
251,Celebi,270,3,0,0,0,0,0
252,Treecko,62,0,0,0,0,0,1
253,Grovyle,142,0,0,0,0,0,2
254,Sceptile,239,0,0,0,0,0,3
255,Torchic,62,0,0,0,1,0,0
256,Combusken,142,0,1,0,1,0,0
257,Blaziken,239,0,3,0,0,0,0
258,Mudkip,62,0,1,0,0,0,0
259,Marshtomp,142,0,2,0,0,0,0
260,Swampert,241,0,3,0,0,0,0
261,Poochyena,44,0,1,0,0,0,0
262,Mightyena,147,0,2,0,0,0,0
263,Zigzagoon,48,0,0,0,0,0,1
264,Linoone,147,0,0,0,0,0,2
265,Wurmple,39,1,0,0,0,0,0
266,Silcoon,72,0,0,2,0,0,0
267,Beautifly,173,0,0,0,3,0,0
268,Cascoon,41,0,0,2,0,0,0
269,Dustox,135,0,0,0,0,3,0
270,Lotad,44,0,0,0,0,1,0
271,Lombre,119,0,0,0,0,2,0
272,Ludicolo,216,0,0,0,0,3,0
273,Seedot,44,0,0,1,0,0,0
274,Nuzleaf,119,0,2,0,0,0,0
275,Shiftry,216,0,3,0,0,0,0
276,Taillow,54,0,0,0,0,0,1
277,Swellow,151,0,0,0,0,0,2
278,Wingull,54,0,0,0,0,0,1
279,Pelipper,151,0,0,2,0,0,0
280,Ralts,40,0,0,0,1,0,0
281,Kirlia,97,0,0,0,2,0,0
282,Gardevoir,233,0,0,0,3,0,0
283,Surskit,54,0,0,0,0,0,1
284,Masquerain,145,0,0,0,1,1,0
285,Shroomish,59,1,0,0,0,0,0
286,Breloom,161,0,2,0,0,0,0
287,Slakoth,56,1,0,0,0,0,0
288,Vigoroth,154,0,0,0,0,0,2
289,Slaking,252,3,0,0,0,0,0
290,Nincada,53,0,0,1,0,0,0
291,Ninjask,160,0,0,0,0,0,2
292,Shedinja,83,2,0,0,0,0,0
293,Whismur,48,1,0,0,0,0,0
294,Loudred,126,2,0,0,0,0,0
295,Exploud,216,3,0,0,0,0,0
296,Makuhita,47,1,0,0,0,0,0
297,Hariyama,166,2,0,0,0,0,0
298,Azurill,38,1,0,0,0,0,0
299,Nosepass,75,0,0,1,0,0,0
300,Skitty,52,0,0,0,0,0,1
301,Delcatty,133,1,0,0,0,0,1
302,Sableye,133,0,1,1,0,0,0
303,Mawile,133,0,1,1,0,0,0
304,Aron,66,0,0,1,0,0,0
305,Lairon,151,0,0,2,0,0,0
306,Aggron,239,0,0,3,0,0,0
307,Meditite,56,0,0,0,0,0,1
308,Medicham,144,0,0,0,0,0,2
309,Electrike,59,0,0,0,0,0,1
310,Manectric,166,0,0,0,0,0,2
311,Plusle,142,0,0,0,0,0,1
312,Minun,142,0,0,0,0,0,1
313,Volbeat,140,0,0,0,0,0,1
314,Illumise,140,0,0,0,0,0,1
315,Roselia,140,0,0,0,2,0,0
316,Gulpin,60,1,0,0,0,0,0
317,Swalot,163,2,0,0,0,0,0
318,Carvanha,61,0,1,0,0,0,0
319,Sharpedo,161,0,2,0,0,0,0
320,Wailmer,80,1,0,0,0,0,0
321,Wailord,175,2,0,0,0,0,0
322,Numel,61,0,0,0,1,0,0
323,Camerupt,161,0,1,0,1,0,0
324,Torkoal,165,0,0,2,0,0,0
325,Spoink,66,0,0,0,0,1,0
326,Grumpig,165,0,0,0,0,2,0
327,Spinda,126,0,0,0,1,0,0
328,Trapinch,58,0,1,0,0,0,0
329,Vibrava,119,0,1,0,0,0,1
330,Flygon,234,0,1,0,0,0,2
331,Cacnea,67,0,0,0,1,0,0
332,Cacturne,166,0,1,0,1,0,0
333,Swablu,62,0,0,0,0,1,0
334,Altaria,172,0,0,0,0,2,0
335,Zangoose,160,0,2,0,0,0,0
336,Seviper,160,0,1,0,1,0,0
337,Lunatone,154,0,0,0,2,0,0
338,Solrock,154,0,2,0,0,0,0
339,Barboach,58,1,0,0,0,0,0
340,Whiscash,164,2,0,0,0,0,0
341,Corphish,62,0,1,0,0,0,0
342,Crawdaunt,164,0,2,0,0,0,0
343,Baltoy,60,0,0,0,0,1,0
344,Claydol,175,0,0,0,0,2,0
345,Lileep,71,0,0,0,0,1,0
346,Cradily,173,0,0,0,0,2,0
347,Anorith,71,0,1,0,0,0,0
348,Armaldo,173,0,2,0,0,0,0
349,Feebas,40,0,0,0,0,0,1
350,Milotic,189,0,0,0,0,2,0
351,Castform,147,1,0,0,0,0,0
352,Kecleon,154,0,0,0,0,1,0
353,Shuppet,59,0,1,0,0,0,0
354,Banette,159,0,2,0,0,0,0
355,Duskull,59,0,0,0,0,1,0
356,Dusclops,159,0,0,1,0,1,0
357,Tropius,161,2,0,0,0,0,0
358,Chimecho,149,0,0,0,1,1,0
359,Absol,163,0,2,0,0,0,0
360,Wynaut,52,1,0,0,0,0,0
361,Snorunt,60,1,0,0,0,0,0
362,Glalie,168,2,0,0,0,0,0
363,Spheal,58,1,0,0,0,0,0
364,Sealeo,144,2,0,0,0,0,0
365,Walrein,239,3,0,0,0,0,0
366,Clamperl,69,0,0,1,0,0,0
367,Huntail,170,0,1,1,0,0,0
368,Gorebyss,170,0,0,0,2,0,0
369,Relicanth,170,1,0,1,0,0,0
370,Luvdisc,116,0,0,0,0,0,1
371,Bagon,60,0,1,0,0,0,0
372,Shelgon,147,0,0,2,0,0,0
373,Salamence,270,0,3,0,0,0,0
374,Beldum,60,0,0,1,0,0,0
375,Metang,147,0,0,2,0,0,0
376,Metagross,270,0,0,3,0,0,0
377,Regirock,261,0,0,3,0,0,0
378,Regice,261,0,0,0,0,3,0
379,Registeel,261,0,0,2,0,1,0
380,Latias,270,0,0,0,0,3,0
381,Latios,270,0,0,0,3,0,0
382,Kyogre,302,0,0,0,3,0,0
383,Groudon,302,0,3,0,0,0,0
384,Rayquaza,306,0,2,0,1,0,0
385,Jirachi,270,3,0,0,0,0,0
386,Deoxys,270,0,1,0,1,0,1
386,Deoxys,270,0,2,0,1,0,0,Attack Forme
386,Deoxys,270,0,0,2,0,1,0,Defense Forme
386,Deoxys,270,0,0,0,0,0,3,Speed Forme
387,Turtwig,64,0,1,0,0,0,0
388,Grotle,142,0,1,1,0,0,0
389,Torterra,236,0,2,1,0,0,0
390,Chimchar,62,0,0,0,0,0,1
391,Monferno,142,0,0,0,1,0,1
392,Infernape,240,0,1,0,1,0,1
393,Piplup,63,0,0,0,1,0,0
394,Prinplup,142,0,0,0,2,0,0
395,Empoleon,239,0,0,0,3,0,0
396,Starly,49,0,0,0,0,0,1
397,Staravia,119,0,0,0,0,0,2
398,Staraptor,214,0,3,0,0,0,0
399,Bidoof,50,1,0,0,0,0,0
400,Bibarel,144,0,2,0,0,0,0
401,Kricketot,39,0,0,1,0,0,0
402,Kricketune,134,0,2,0,0,0,0
403,Shinx,53,0,1,0,0,0,0
404,Luxio,127,0,2,0,0,0,0
405,Luxray,235,0,3,0,0,0,0
406,Budew,56,0,0,0,1,0,0
407,Roserade,227,0,0,0,3,0,0
408,Cranidos,70,0,1,0,0,0,0
409,Rampardos,173,0,2,0,0,0,0
410,Shieldon,70,0,0,1,0,0,0
411,Bastiodon,173,0,0,2,0,0,0
412,Burmy,45,0,0,0,0,1,0
413,Wormadam,148,0,0,0,0,2,0,Plant Cloak
413,Wormadam,148,0,0,2,0,0,0,Sandy Cloak
413,Wormadam,148,0,0,1,0,1,0,Trash Cloak
414,Mothim,148,0,1,0,1,0,0
415,Combee,49,0,0,0,0,0,1
416,Vespiquen,166,0,0,1,0,1,0
417,Pachirisu,142,0,0,0,0,0,1
418,Buizel,66,0,0,0,0,0,1
419,Floatzel,173,0,0,0,0,0,2
420,Cherubi,55,0,0,0,1,0,0
421,Cherrim,158,0,0,0,2,0,0
422,Shellos,65,1,0,0,0,0,0
423,Gastrodon,166,2,0,0,0,0,0
424,Ambipom,169,0,0,0,0,0,2
425,Drifloon,70,1,0,0,0,0,0
426,Drifblim,174,2,0,0,0,0,0
427,Buneary,70,0,0,0,0,0,1
428,Lopunny,168,0,0,0,0,0,2
429,Mismagius,173,0,0,0,1,1,0
430,Honchkrow,177,0,2,0,0,0,0
431,Glameow,62,0,0,0,0,0,1
432,Purugly,158,0,0,0,0,0,2
433,Chingling,57,0,0,0,1,0,0
434,Stunky,66,0,0,0,0,0,1
435,Skuntank,168,2,0,0,0,0,0
436,Bronzor,60,0,0,1,0,0,0
437,Bronzong,175,0,0,1,0,1,0
438,Bonsly,58,0,0,1,0,0,0
439,Mime Jr.,62,0,0,0,0,1,0
440,Happiny,110,1,0,0,0,0,0
441,Chatot,144,0,1,0,0,0,0
442,Spiritomb,170,0,0,1,0,1,0
443,Gible,60,0,1,0,0,0,0
444,Gabite,144,0,2,0,0,0,0
445,Garchomp,270,0,3,0,0,0,0
446,Munchlax,78,1,0,0,0,0,0
447,Riolu,57,0,1,0,0,0,0
448,Lucario,184,0,1,0,1,0,0
449,Hippopotas,66,0,0,1,0,0,0
450,Hippowdon,184,0,0,2,0,0,0
451,Skorupi,66,0,0,1,0,0,0
452,Drapion,175,0,0,2,0,0,0
453,Croagunk,60,0,1,0,0,0,0
454,Toxicroak,172,0,2,0,0,0,0
455,Carnivine,159,0,2,0,0,0,0
456,Finneon,66,0,0,0,0,0,1
457,Lumineon,161,0,0,0,0,0,2
458,Mantyke,69,0,0,0,0,1,0
459,Snover,67,0,1,0,0,0,0
460,Abomasnow,173,0,1,0,1,0,0
461,Weavile,179,0,1,0,0,0,1
462,Magnezone,241,0,0,0,3,0,0
463,Lickilicky,180,3,0,0,0,0,0
464,Rhyperior,241,0,3,0,0,0,0
465,Tangrowth,187,0,0,2,0,0,0
466,Electivire,243,0,3,0,0,0,0
467,Magmortar,243,0,0,0,3,0,0
468,Togekiss,245,0,0,0,2,1,0
469,Yanmega,180,0,2,0,0,0,0
470,Leafeon,196,0,0,2,0,0,0
471,Glaceon,196,0,0,0,2,0,0
472,Gliscor,179,0,0,2,0,0,0
473,Mamoswine,207,0,3,0,0,0,0
474,Porygon-Z,241,0,0,0,3,0,0
475,Gallade,233,0,3,0,0,0,0
476,Probopass,184,0,0,1,0,2,0
477,Dusknoir,236,0,0,1,0,2,0
478,Froslass,168,0,0,0,0,0,2
479,Rotom,154,0,0,0,1,0,1
480,Uxie,261,0,0,2,0,1,0
481,Mesprit,261,0,1,0,1,1,0
482,Azelf,261,0,2,0,1,0,0
483,Dialga,306,0,0,0,3,0,0
484,Palkia,306,0,0,0,3,0,0
485,Heatran,270,0,0,0,3,0,0
486,Regigigas,302,0,3,0,0,0,0
487,Giratina,306,3,0,0,0,0,0
488,Cresselia,270,0,0,0,0,3,0
489,Phione,216,1,0,0,0,0,0
490,Manaphy,270,3,0,0,0,0,0
491,Darkrai,270,0,0,0,2,0,1
492,Shaymin,270,3,0,0,0,0,0
492,Shaymin,270,0,0,0,0,0,3,Sky Forme
493,Arceus,324,3,0,0,0,0,0
494,Victini,270,3,0,0,0,0,0
495,Snivy,28,0,0,0,0,0,1
496,Servine,145,0,0,0,0,0,2
497,Serperior,238,0,0,0,0,0,3
498,Tepig,28,1,0,0,0,0,0
499,Pignite,146,0,2,0,0,0,0
500,Emboar,238,0,3,0,0,0,0
501,Oshawott,28,0,0,0,1,0,0
502,Dewott,145,0,0,0,2,0,0
503,Samurott,238,0,0,0,3,0,0
504,Patrat,51,0,1,0,0,0,0
505,Watchog,147,0,1,0,0,0,0
506,Lillipup,55,0,1,0,0,0,0
507,Herdier,130,0,2,0,0,0,0
508,Stoutland,221,0,3,0,0,0,0
509,Purrloin,56,0,0,0,0,0,1
510,Liepard,156,0,0,0,0,0,2
511,Pansage,63,0,0,0,0,0,1
512,Simisage,174,0,0,0,0,0,2
513,Pansear,63,0,0,0,0,0,1
514,Simisear,174,0,0,0,0,0,2
515,Panpour,63,0,0,0,0,0,1
516,Simipour,174,0,0,0,0,0,2
517,Munna,58,1,0,0,0,0,0
518,Musharna,170,2,0,0,0,0,0
519,Pidove,53,0,1,0,0,0,0
520,Tranquill,125,0,2,0,0,0,0
521,Unfezant,215,0,3,0,0,0,0
522,Blitzle,59,0,0,0,0,0,1
523,Zebstrika,174,0,0,0,0,0,2
524,Roggenrola,56,0,0,1,0,0,0
525,Boldore,137,0,1,1,0,0,0
526,Gigalith,227,0,3,0,0,0,0
527,Woobat,63,0,0,0,0,0,1
528,Swoobat,149,0,0,0,0,0,2
529,Drilbur,66,0,1,0,0,0,0
530,Excadrill,178,0,2,0,0,0,0
531,Audino,390,2,0,0,0,0,0
532,Timburr,61,0,1,0,0,0,0
533,Gurdurr,142,0,2,0,0,0,0
534,Conkeldurr,227,0,3,0,0,0,0
535,Tympole,59,0,0,0,0,0,1
536,Palpitoad,134,2,0,0,0,0,0
537,Seismitoad,225,3,0,0,0,0,0
538,Throh,163,2,0,0,0,0,0
539,Sawk,163,0,2,0,0,0,0
540,Sewaddle,62,0,0,1,0,0,0
541,Swadloon,133,0,0,2,0,0,0
542,Leavanny,221,0,3,0,0,0,0
543,Venipede,52,0,0,1,0,0,0
544,Whirlipede,126,0,0,2,0,0,0
545,Scolipede,214,0,0,0,0,0,3
546,Cottonee,56,0,0,0,0,0,1
547,Whimsicott,168,0,0,0,0,0,2
548,Petilil,56,0,0,0,1,0,0
549,Lilligant,168,0,0,0,2,0,0
550,Basculin,161,0,0,0,0,0,2
551,Sandile,58,0,1,0,0,0,0
552,Krokorok,123,0,2,0,0,0,0
553,Krookodile,229,0,3,0,0,0,0
554,Darumaka,63,0,1,0,0,0,0
555,Darmanitan,168,0,2,0,0,0,0
555,Darmanitan,168,0,0,0,2,0,0,Daruma Mode
556,Maractus,161,0,0,0,2,0,0
557,Dwebble,65,0,0,1,0,0,0
558,Crustle,166,0,0,2,0,0,0
559,Scraggy,70,0,1,0,0,0,0
560,Scrafty,171,0,0,1,0,1,0
561,Sigilyph,172,0,0,0,2,0,0
562,Yamask,61,0,0,1,0,0,0
563,Cofagrigus,169,0,0,2,0,0,0
564,Tirtouga,71,0,0,1,0,0,0
565,Carracosta,173,0,0,2,0,0,0
566,Archen,71,0,1,0,0,0,0
567,Archeops,177,0,2,0,0,0,0
568,Trubbish,66,0,0,0,0,0,1
569,Garbodor,166,0,2,0,0,0,0
570,Zorua,66,0,0,0,1,0,0
571,Zoroark,179,0,0,0,2,0,0
572,Minccino,60,0,0,0,0,0,1
573,Cinccino,165,0,0,0,0,0,2
574,Gothita,58,0,0,0,0,1,0
575,Gothorita,137,0,0,0,0,2,0
576,Gothitelle,221,0,0,0,0,3,0
577,Solosis,58,0,0,0,1,0,0
578,Duosion,130,0,0,0,2,0,0
579,Reuniclus,221,0,0,0,3,0,0
580,Ducklett,61,1,0,0,0,0,0
581,Swanna,166,0,0,0,0,0,2
582,Vanillite,61,0,0,0,1,0,0
583,Vanillish,138,0,0,0,2,0,0
584,Vanilluxe,241,0,0,0,3,0,0
585,Deerling,67,0,0,0,0,0,1
586,Sawsbuck,166,0,2,0,0,0,0
587,Emolga,150,0,0,0,0,0,2
588,Karrablast,63,0,1,0,0,0,0
589,Escavalier,173,0,2,0,0,0,0
590,Foongus,59,1,0,0,0,0,0
591,Amoonguss,162,2,0,0,0,0,0
592,Frillish,67,0,0,0,0,1,0
593,Jellicent,168,0,0,0,0,2,0
594,Alomomola,165,2,0,0,0,0,0
595,Joltik,64,0,0,0,0,0,1
596,Galvantula,165,0,0,0,0,0,2
597,Ferroseed,61,0,0,1,0,0,0
598,Ferrothorn,171,0,0,2,0,0,0
599,Klink,60,0,0,1,0,0,0
600,Klang,154,0,0,2,0,0,0
601,Klinklang,234,0,0,3,0,0,0
602,Tynamo,55,0,0,0,0,0,1
603,Eelektrik,142,0,2,0,0,0,0
604,Eelektross,232,0,3,0,0,0,0
605,Elgyem,67,0,0,0,1,0,0
606,Beheeyem,170,0,0,0,2,0,0
607,Litwick,55,0,0,0,1,0,0
608,Lampent,130,0,0,0,2,0,0
609,Chandelure,234,0,0,0,3,0,0
610,Axew,64,0,1,0,0,0,0
611,Fraxure,144,0,2,0,0,0,0
612,Haxorus,243,0,3,0,0,0,0
613,Cubchoo,61,0,1,0,0,0,0
614,Beartic,170,0,2,0,0,0,0
615,Cryogonal,170,0,0,0,0,2,0
616,Shelmet,61,0,0,1,0,0,0
617,Accelgor,173,0,0,0,0,0,2
618,Stunfisk,165,2,0,0,0,0,0
619,Mienfoo,70,0,1,0,0,0,0
620,Mienshao,179,0,2,0,0,0,0
621,Druddigon,170,0,2,0,0,0,0
622,Golett,61,0,1,0,0,0,0
623,Golurk,169,0,2,0,0,0,0
624,Pawniard,68,0,1,0,0,0,0
625,Bisharp,172,0,2,0,0,0,0
626,Bouffalant,172,0,2,0,0,0,0
627,Rufflet,70,0,1,0,0,0,0
628,Braviary,179,0,2,0,0,0,0
629,Vullaby,74,0,0,1,0,0,0
630,Mandibuzz,179,0,0,0,2,0,0
631,Heatmor,169,0,0,0,2,0,0
632,Durant,169,0,0,2,0,0,0
633,Deino,60,0,1,0,0,0,0
634,Zweilous,147,0,2,0,0,0,0
635,Hydreigon,270,0,0,0,3,0,0
636,Larvesta,72,0,1,0,0,0,0
637,Volcarona,248,0,0,0,3,0,0
638,Cobalion,261,0,0,3,0,0,0
639,Terrakion,261,0,3,0,0,0,0
640,Virizion,261,0,0,0,0,3,0
641,Tornadus,261,0,3,0,0,0,0
642,Thundurus,261,0,3,0,0,0,0
643,Reshiram,306,0,0,0,3,0,0
644,Zekrom,306,0,3,0,0,0,0
645,Landorus,270,0,0,0,3,0,0
646,Kyurem,297,1,1,0,1,0,0
647,Keldeo,261,0,0,0,3,0,0
648,Meloetta,270,0,0,0,1,1,1
648,Meloetta,270,0,1,1,0,0,1,Step Forme
649,Genesect,270,0,1,0,1,0,1